LocationID,ApogeeID
0,5045,2M00003987+6236456
1,5067,2M00023036+8524194
2,4548,2M00023179+1521164
3,4590,2M00031962-0017109
4,4287,2M00041959+7547098
5,4590,2M00050265+0116236
6,4120,2M00062867+6955129
7,4590,2M00065234+0151397
8,4590,2M00065508+0154022
9,4590,2M00092179+0038065
10,4590,2M00092573+0036224
11,4424,2M00093745+5823242
12,5038,2M00132431-1410460
13,4287,2M00134329+7346435
14,5067,2M00140613+8541300
15,4119,2M00150792+6559126
16,5038,2M00151077-1416285
17,5046,2M00160071+7403548
18,5067,2M00170781+8551505
19,5038,2M00171482-1510258
20,5038,2M00171655-1252423
21,5038,2M00171810-1453037
22,4250,2M00174625+5856272
23,5038,2M00182381-1511057
24,5038,2M00182768-1412225
25,5046,2M00194158+7350330
26,5038,2M00194534-1404204
27,5038,2M00194821-1524079
28,5038,2M00202076-1407381
29,5038,2M00202684-1408080
30,5038,2M00204650-1506252
31,5038,2M00215362-1447430
32,5097,2M00232817+5708446
33,4250,2M00252677+5819348
34,4243,2M00265252+6359169
35,4250,2M00290829+6001421
36,5097,2M00300613+5719559
37,4256,2M00302865+5553105
38,4119,2M00304380+6752210
39,5097,2M00315685+5743383
40,5067,2M00344379+8522254
41,4243,2M00350618+6345463
42,4256,2M00360002+5519491
43,4250,2M00373811+5912258
44,5067,2M00385579+8605109
45,5067,2M00395336+8431073
46,5097,2M00400630+5644107
47,4476,2M00411929+1718359
48,4217,2M00430905+8407348
49,5067,2M00441812+8516024
50,4476,2M00443313+1734287
51,4476,2M00443463+1719220
52,4476,2M00452143+1634446
53,5049,2M00453126+0217282
54,5067,2M00463801+8441448
55,5049,2M00465778+0235576
56,4476,2M00470197+1751448
57,5049,2M00484410+0241261
58,5113,2M00490257+3958086
59,5113,2M00493192+4026429
60,5099,2M00581292+6332015
61,4217,2M00593409+8503084
62,5099,2M01031300+6145544
63,5048,2M01053790+5116300
64,4414,2M01103850+6655525
65,4217,2M01193634+8435481
66,4318,2M01232188+6220546
67,4477,2M01252951+1737245
68,4477,2M01281972+1731200
69,4318,2M01325477+6205304
70,4217,2M01343480+8456365
71,4425,2M01345988+6651462
72,5136,2M01443396-1749560
73,5136,2M01444703-1858468
74,5060,2M01511093+6105372
75,5111,2M01521669+3815063
76,4472,2M01525005-0353374
77,4472,2M01540092-0306019
78,5060,2M01540426+6221236
79,4472,2M01550987-0302298
80,5111,2M01551917+3749154
81,4217,2M01561714+8458408
82,4472,2M01562189-0223547
83,5060,2M01572718+6300502
84,4472,2M01583450-0349002
85,4416,2M01593686+6533283
86,4478,2M02062664+1438073
87,4309,2M02072992+5427212
88,4309,2M02082405+5454197
89,4478,2M02112972+1313487
90,4478,2M02112973+1359128
91,4271,2M02290160+6124289
92,5050,2M02293039-0818019
93,5050,2M02301066-0847529
94,5050,2M02313915-0724130
95,5056,2M02341898+4658542
96,5050,2M02342325-0828557
97,4271,2M02353225+6048063
98,5050,2M02374642-0831591
99,5100,2M02410921+5223583
100,4479,2M02411197+0727401
101,4479,2M02424580+0735211
102,5112,2M02440872+3711366
103,2045,2M02450567-0021040
104,4479,2M02451215+0730059
105,2045,2M02453568-0006180
106,5139,2M02454202-1244465
107,5139,2M02455385-1310597
108,2045,2M02472690-0012224
109,5112,2M02475163+3611472
110,2045,2M02475375-0018587
111,4479,2M02484723+0719196
112,5112,2M02490823+3709411
113,4479,2M02491256+0815300
114,5139,2M02501196-1251273
115,5112,2M02521895+3812193
116,5061,2M02523349+5909085
117,5089,2M02552957-1701149
118,5089,2M02560347-1615285
119,5089,2M02564291-1619537
120,4310,2M02585078+6601225
121,5062,2M03002780+4516191
122,4205,2M03072395+7944317
123,4205,2M03084093+7912356
124,4205,2M03094422+7941129
125,4551,2M03103688+6312022
126,4428,2M03110855+5251034
127,4551,2M03111284+6312062
128,2049,2M03115417-0009483
129,2049,2M03142598-0033062
130,4480,2M03154293+0158412
131,2049,2M03154774-0115042
132,4205,2M03160395+8020506
133,2049,2M03164069-0056401
134,4480,2M03165649+0218013
135,4480,2M03193359+0100209
136,4480,2M03195332+0111051
137,4205,2M03203189+7918263
138,2049,2M03211751+0007418
139,4554,2M03222918+5134159
140,2051,2M03243521+0050234
141,2051,2M03245256-0101016
142,4471,2M03250687+0723364
143,4587,2M03250916+3126099
144,4471,2M03251309+0716359
145,2052,2M03253087+0124441
146,4471,2M03260135+0816119
147,4471,2M03262324+0827228
148,4471,2M03272650+0900312
149,4205,2M03283689+7947391
150,4471,2M03283951+0740289
151,4587,2M03292407+3119577
152,2052,2M03294819-0030066
153,2052,2M03295701-0054150
154,4587,2M03305252+3054177
155,4205,2M03320943+7901322
156,4587,2M03333041+3110504
157,4144,2M03344945+4513191
158,4144,2M03361242+4651208
159,5101,2M03362922+6214173
160,4144,2M03371290+4634201
161,2094,2M03375945+0027294
162,4205,2M03385931+8103356
163,4205,2M03390336+7926498
164,2095,2M03394693+0053422
165,2095,2M03401920-0118517
166,2095,2M03402591-0124572
167,4259,2M03402639+2405238
168,4586,2M03405779+3118059
169,4586,2M03411655+3309231
170,4144,2M03414856+4544228
171,4586,2M03415745+3148365
172,5101,2M03420766+6430133
173,2054,2M03421921+0034018
174,4586,2M03422556+3256567
175,4259,2M03424022+2359217
176,4586,2M03425239+3301210
177,4586,2M03425395+3219279
178,4586,2M03430679+3148204
179,2054,2M03431058+0101330
180,4259,2M03432712+2523152
181,2054,2M03433338+0019055
182,4586,2M03434101+3237320
183,4586,2M03435374+3055463
184,4586,2M03435638+3209591
185,4586,2M03435812+3213568
186,2095,2M03440984-0009017
187,4586,2M03441558+3209218
188,4586,2M03442766+3233495
189,4586,2M03443482+3211180
190,4259,2M03443777+2255157
191,4586,2M03443798+3203296
192,4586,2M03444508+3214130
193,4586,2M03444554+3218198
194,4586,2M03445561+3209198
195,4586,2M03445740+3317184
196,5051,2M03445964-1107125
197,4586,2M03450151+3210512
198,4586,2M03450773+3200272
199,4586,2M03450783+3102335
200,4259,2M03451698+2515478
201,4586,2M03452043+3228427
202,4259,2M03452772+2310134
203,4259,2M03454440+2413132
204,2054,2M03460283-0044250
205,4259,2M03460412+2324199
206,4259,2M03465259+2338433
207,2054,2M03470876-0051447
208,4596,2M03491294+3813037
209,4152,2M03491989+4915280
210,2303,2M03492228-0514324
211,2303,2M03494383-0512075
212,5051,2M03500445-1108251
213,5051,2M03511180-0938133
214,4259,2M03512664+2504369
215,5162,2M03521852+2451334
216,4152,2M03522636+4916273
217,5162,2M03523764+2444550
218,2303,2M03531784-0517434
219,4152,2M03533092+4916585
220,4205,2M03534224+8002056
221,5051,2M03534283-1049320
222,5162,2M03534382+2413287
223,5162,2M03540675+2420015
224,5162,2M03542795+2350075
225,5051,2M03543243-1035133
226,4152,2M03560117+5003253
227,4205,2M03560878+7840523
228,5162,2M03561202+2403212
229,2303,2M03571705-0436288
230,5145,2M03575528+1051182
231,2303,2M03583456-0611539
232,4151,2M03583785+5213445
233,2303,2M03584247-0521516
234,2303,2M03585244-0531561
235,5145,2M03591349+1131292
236,5162,2M03593006+2420101
237,5145,2M03595389+1218362
238,4151,2M04010057+5344109
239,5162,2M04014394+2507238
240,5162,2M04014490+2556007
241,5145,2M04014806+1027576
242,4151,2M04015510+5336178
243,2097,2M04041108-0536229
244,4151,2M04043545+5153371
245,2097,2M04051669-0510113
246,5103,2M04052852+3736385
247,5145,2M04053766+1136139
248,5145,2M04061897+1042099
249,2097,2M04071794-0704285
250,5161,2M04084893+2326118
251,2097,2M04114902-0514135
252,5161,2M04122244+2422419
253,5161,2M04125121+2441442
254,5057,2M04131512+6703558
255,5102,2M04135110+4938317
256,5161,2M04142584+2414350
257,5161,2M04152483+2358568
258,4556,2M04173043+4406020
259,4153,2M04182393+5423539
260,4153,2M04202800+5505348
261,4153,2M04215749+5410526
262,5149,2M04222563+5933026
263,5160,2M04231198+1730112
264,5160,2M04235666+1838201
265,4153,2M04242736+5458531
266,5160,2M04242753+1813355
267,5160,2M04243058+1859131
268,5160,2M04243847+1858385
269,5160,2M04253099+1932105
270,5160,2M04265461+1758330
271,5082,2M04273190+3058238
272,4325,2M04300665+3520323
273,4325,2M04315155+3522530
274,5148,2M04320745+0008492
275,5148,2M04361973+0047410
276,5148,2M04363658+0043304
277,4325,2M04393682+3553432
278,4121,2M04403913+5740339
279,4121,2M04430417+5900251
280,4257,2M04435712+3901413
281,4121,2M04452494+5703088
282,4597,2M04460281+2832101
283,4257,2M04475318+3844458
284,4257,2M04485954+3749255
285,4555,2M04491848+4954075
286,5065,2M04503647+4519494
287,4121,2M04511439+5747361
288,4257,2M04515425+3915070
289,4257,2M04523015+3925462
290,4121,2M04533610+5803507
291,4272,2M04594994+4041082
292,4560,2M04595013+3638144
293,4555,2M05003852+4942070
294,5106,2M05005339+2303102
295,5106,2M05011401+2230159
296,4272,2M05022965+4142533
297,5106,2M05024263+2151091
298,5106,2M05064830+2150468
299,5081,2M05084082+4901522
300,5066,2M05100774+3847136
301,4122,2M05105162+2513182
302,4122,2M05145873+2516078
303,5114,2M05160474+2443207
304,4122,2M05162317+2312004
305,5081,2M05165388+4928208
306,4598,2M05172551+1446132
307,4122,2M05175081+2458194
308,5114,2M05181194+2313541
309,4145,2M05190968+4415144
310,4562,2M05194502+2905511
311,4122,2M05195099+2443435
312,4122,2M05195578+2426594
313,5114,2M05201197+2417083
314,5085,2M05212181+1250396
315,5114,2M05212511+2358317
316,5175,2M05224331+0328389
317,5175,2M05224790+0241315
318,4145,2M05224865+4246159
319,4562,2M05240556+2947008
320,4592,2M05245445+3821524
321,4155,2M05254800+2740009
322,5175,2M05265958+0246583
323,5170,2M05273724+1125497
324,4155,2M05275009+2740351
325,5175,2M05280884+0403101
326,4145,2M05284223+4359528
327,4155,2M05284986+2645461
328,5170,2M05285853+1045376
329,4321,2M05291630+3549565
330,4321,2M05292628+3555070
331,4155,2M05304951+2532292
332,5170,2M05305169+1208367
333,5169,2M05310482+1034560
334,5170,2M05312170+1202351
335,4155,2M05312674+2759565
336,4593,2M05313658+3216487
337,5175,2M05313758+0226397
338,5169,2M05315531+1023459
339,5169,2M05321308+1112494
340,5169,2M05322073+1031036
341,4611,2M05331491-0530335
342,4559,2M05334627+3958411
343,4155,2M05335529+2613300
344,4612,2M05335769-0540060
345,5169,2M05340840+1046050
346,4611,2M05341387-0536353
347,4611,2M05342386-0515403
348,4612,2M05342734-0524222
349,4613,2M05343145-0643226
350,4611,2M05343386-0556380
351,4155,2M05343393+2541331
352,4611,2M05343394-0528245
353,4612,2M05343425-0602097
354,4612,2M05343487-0611259
355,5169,2M05343516+0927492
356,4611,2M05343976-0524254
357,4611,2M05344013-0458398
358,4611,2M05344061-0443315
359,4289,2M05344507+6223530
360,4611,2M05344677-0526048
361,4612,2M05344846-0541582
362,4611,2M05344907-0526266
363,4611,2M05345086-0539292
364,4611,2M05345143-0513295
365,4613,2M05345240-0611570
366,4611,2M05345249-0449404
367,4611,2M05345259-0524037
368,4612,2M05345494-0517017
369,4611,2M05345563-0601036
370,4612,2M05345597-0529264
371,4611,2M05345701-0523000
372,4611,2M05345778-0522511
373,4611,2M05345827-0525332
374,4611,2M05350238-0515479
375,4612,2M05350292-0605252
376,4611,2M05350312-0509170
377,4611,2M05350326-0449209
378,4612,2M05350560-0518248
379,4611,2M05351002-0441169
380,4611,2M05351380-0530244
381,4611,2M05351444-0533190
382,4612,2M05351467-0539108
383,4613,2M05351580-0646291
384,4611,2M05351602-0550448
385,4613,2M05351630-0618431
386,4612,2M05351751-0517401
387,4611,2M05351754-0540483
388,4612,2M05351914-0604377
389,4611,2M05352372-0448166
390,4613,2M05352709-0645484
391,4612,2M05352750-0535194
392,4611,2M05352860-0455036
393,4612,2M05352983-0532534
394,4612,2M05353091-0518179
395,4611,2M05354077-0509015
396,4613,2M05354593-0625591
397,4611,2M05354624-0515398
398,4613,2M05355202-0610016
399,4613,2M05360828-0648363
400,4611,2M05360873-0412548
401,4155,2M05361151+2625027
402,4613,2M05363575-0642499
403,4613,2M05364204-0607061
404,4613,2M05364521-0628096
405,4593,2M05370453+3112114
406,4613,2M05370589-0647149
407,4613,2M05371190-0629169
408,5173,2M05373666-0234003
409,4613,2M05373898-0645154
410,5105,2M05375674+3145012
411,4613,2M05380417-0722044
412,4613,2M05382679-0650553
413,4326,2M05383316+4556445
414,5086,2M05383849+1552221
415,5169,2M05384174+0914342
416,5173,2M05390008-0218381
417,5080,2M05390059+5159380
418,4326,2M05391675+4539368
419,5173,2M05393511-0247299
420,4564,2M05393994+2448170
421,4564,2M05395208+2231019
422,5173,2M05400413-0323027
423,5173,2M05401082-0211264
424,4613,2M05401683-0719070
425,5173,2M05401975-0229558
426,4326,2M05402330+4617163
427,5105,2M05404374+3247570
428,5173,2M05404464-0222440
429,5169,2M05405838+1107387
430,4615,2M05412033-0815231
431,4615,2M05412451-0856320
432,4615,2M05412534-0805547
433,5173,2M05414508-0151443
434,4615,2M05415134-0751483
435,4431,2M05420795+3849453
436,4326,2M05423918+4552465
437,4615,2M05430592-0821505
438,4615,2M05432464-0813275
439,4290,2M05444569-0525344
440,4600,2M05445847+5357043
441,4154,2M05455730+2811469
442,5086,2M05460266+1442125
443,5172,2M05461906+0003295
444,4154,2M05462144+2946373
445,5172,2M05463005+0012096
446,4154,2M05463489+2738029
447,5172,2M05464194+0020027
448,5172,2M05464235+0012094
449,4599,2M05472048+0223043
450,5172,2M05473190+0133237
451,5172,2M05474500+0038418
452,4599,2M05502340+0420349
453,4561,2M05504191+3525569
454,4594,2M05511998+2546264
455,5151,2M05513819+4211445
456,4290,2M05520157-0529439
457,4290,2M05533254-0421192
458,5084,2M05534495+2650052
459,5084,2M05580210+2631429
460,5084,2M05582148+2549515
461,4156,2M05592230+3203416
462,4156,2M05593050+3038112
463,4156,2M06031425+2949475
464,4156,2M06031578+2952126
465,4156,2M06051239+3006116
466,4156,2M06061420+3001449
467,4258,2M06062902+1349573
468,4156,2M06064279+3129067
469,4418,2M06073901+2416594
470,4418,2M06092708+2413452
471,4418,2M06094745+2423085
472,5087,2M06095024+2037420
473,4571,2M06104205+1107473
474,4571,2M06125177+1140142
475,4573,2M06130913+0640221
476,4601,2M06132183+4057302
477,4565,2M06133561+2433362
478,4604,2M06140066+5758204
479,4571,2M06144155+1048140
480,4123,2M06144376-0118064
481,4595,2M06153889+1942122
482,4604,2M06155451+5532531
483,4601,2M06155982+3958486
484,4149,2M06160851+3259089
485,4123,2M06174372-0139422
486,4604,2M06182810+5621575
487,4123,2M06184995-0042094
488,4273,2M06194579+1611337
489,4123,2M06194863-0150024
490,4149,2M06195901+3259327
491,4273,2M06212323+1701485
492,4149,2M06214829+3402119
493,4149,2M06222070+3326564
494,4567,2M06232739+2123478
495,5088,2M06254578+1339498
496,4158,2M06265270+0015328
497,4146,2M06282903+1810490
498,4158,2M06290113+0103185
499,5088,2M06290653+1118068
500,4158,2M06290694+0058170
501,4146,2M06292642+1801231
502,4605,2M06295087+5118010
503,4158,2M06300433+0118350
504,4146,2M06302625+1713191
505,4158,2M06314851-0033164
506,4411,2M06320210+0456471
507,5083,2M06322785+3408213
508,5090,2M06332971+0636476
509,4411,2M06334992+0440556
510,4158,2M06335007+0001422
511,4146,2M06335441+1722526
512,4605,2M06340628+5038344
513,4158,2M06345747-0004001
514,4411,2M06350057+0428276
515,4605,2M06351099+5023151
516,4323,2M06361244+0857448
517,4278,2M06361902+3308443
518,4323,2M06372176+0949348
519,4579,2M06400203-0544088
520,4572,2M06400961+0941434
521,4572,2M06402309+0927423
522,4572,2M06402926+0926114
523,4572,2M06402976+0942212
524,4572,2M06404179+0949523
525,4572,2M06404516+0928444
526,4572,2M06405542+0937237
527,4572,2M06410497+0950460
528,4572,2M06410726+0958311
529,4572,2M06410798+0934469
530,4572,2M06410821+0938303
531,4572,2M06410899+0931088
532,4572,2M06411336+0938137
533,4572,2M06411484+0932358
534,4617,2M06412910-0027192
535,4572,2M06413207+1001049
536,4572,2M06413433+0925533
537,5159,2M06420510-0131459
538,4157,2M06421342+0159208
539,5159,2M06424701-0103425
540,4292,2M06425155-2355027
541,5159,2M06425173-0105030
542,5159,2M06430062-0132101
543,4617,2M06432872+0010360
544,4617,2M06435849-0100515
545,4157,2M06453172+0329125
546,4157,2M06455815+0359470
547,4157,2M06470468+0136073
548,4157,2M06470979+0307438
549,4602,2M06502133+2755152
550,4157,2M06502260+0249046
551,5108,2M06521953+2418502
552,4574,2M06522785+0715576
553,4569,2M06540094+1734275
554,5108,2M06543813+2333450
555,5108,2M06562404+2458256
556,4606,2M06563892+4319360
557,4569,2M06565845+1606213
558,5108,2M06573455+2456062
559,4607,2M06573841+3600153
560,4159,2M06574218+0433069
561,4324,2M07012946-0308517
562,4159,2M07013062+0505262
563,4159,2M07014968+0316145
564,4583,2M07023378-1157206
565,4607,2M07030889+3630193
566,4607,2M07042921+3611557
567,4159,2M07044375+0440182
568,4576,2M07090093+0203229
569,4608,2M07100305+2955418
570,4253,2M07125169+0710345
571,4608,2M07151462+3144055
572,4603,2M07152278+1409293
573,4253,2M07154275+0621084
574,4580,2M07155738-0456551
575,4608,2M07173524+3101330
576,4608,2M07182854+2924487
577,4603,2M07190696+1448526
578,4608,2M07193494+3110497
579,4609,2M07212735+2342096
580,2071,2M07235876+4058116
581,4609,2M07250686+2435451
582,4609,2M07261441+2237362
583,2070,2M07300562+3904071
584,4609,2M07301103+2342112
585,2071,2M07301372+4305434
586,2070,2M07304303+4111480
587,2075,2M07334111+3945001
588,2073,2M07335588+4703480
589,2075,2M07335741+4152582
590,2072,2M07340333+4525491
591,2075,2M07341546+4050347
592,2075,2M07341901+4132287
593,4610,2M07351558+1656540
594,2075,2M07352691+4106093
595,4222,2M07354458+3625363
596,4610,2M07355627+1643023
597,4147,2M07374816+2054204
598,2074,2M07380131+3722342
599,2073,2M07381814+4744325
600,2301,2M07390587+2236294
601,4610,2M07390813+1556222
602,2074,2M07391882+3837562
603,2073,2M07395919+4615189
604,4530,2M07401637+6451133
605,4530,2M07404251+6643075
606,4222,2M07412047+3711185
607,4291,2M07412162+0910207
608,4531,2M07413927+5305101
609,2301,2M07415938+2318223
610,2073,2M07420767+4748473
611,4291,2M07421515+1045108
612,2085,2M07430723+2915508
613,2077,2M07433126+4435199
614,2301,2M07434954+2317392
615,2077,2M07440107+4409032
616,2301,2M07440327+2324356
617,2077,2M07441849+4420555
618,2079,2M07443374+4059295
619,2301,2M07450147+2213360
620,2073,2M07452699+4701287
621,2098,2M07454706+4849319
622,2079,2M07463460+4130403
623,2080,2M07464731+4323181
624,4531,2M07472538+5247100
625,2077,2M07482344+4543241
626,2079,2M07482418+4223201
627,2079,2M07485530+4026313
628,2081,2M07490823+4850519
629,2084,2M07492268+2631545
630,2079,2M07492975+4040236
631,2077,2M07495255+4517441
632,2079,2M07502579+4147049
633,2077,2M07503313+4450546
634,2085,2M07504475+2857339
635,2292,2M07513604+3525093
636,2077,2M07514421+4554496
637,2098,2M07521399+4715146
638,2081,2M07530855+4955503
639,4531,2M07535725+5354137
640,4531,2M07541885+5200114
641,2088,2M07543136+2607441
642,2086,2M07543472+2603177
643,2286,2M07544617+5107504
644,2286,2M07544693+5155101
645,4531,2M07551518+5355112
646,2288,2M07552365+3928120
647,2088,2M07554889+2702401
648,2079,2M07563173+4229265
649,2292,2M07564124+3638375
650,2088,2M07564310+2704198
651,2088,2M07573331+2820297
652,2082,2M07573974+4250339
653,2292,2M07575121+3505480
654,2081,2M07581939+4801200
655,2081,2M07582727+4841494
656,2290,2M07590763+5104339
657,2291,2M07592443+5230149
658,2289,2M08004884+4612300
659,2290,2M08013097+5103549
660,2290,2M08024047+4936282
661,2289,2M08025363+4628547
662,2082,2M08030479+4238040
663,2081,2M08032142+4820521
664,2290,2M08033685+5015382
665,2082,2M08034311+4323270
666,2081,2M08034326+4837519
667,2082,2M08040228+4121273
668,2287,2M08083621+5358020
669,4103,2M08104256+3051570
670,4103,2M08115373+3212036
671,4103,2M08122061+3106141
672,4103,2M08123994+3147441
673,4295,2M08132215-1246517
674,2291,2M08142685+5331378
675,4103,2M08165864+3202156
676,4103,2M08165939+3207048
677,4103,2M08181541+3149160
678,2300,2M08184246+4559121
679,2318,2M08185804+2333522
680,2300,2M08202415+4633577
681,2318,2M08212195+2520100
682,2318,2M08213828+2531362
683,2109,2M08214303+1727499
684,2109,2M08220946+1725151
685,4533,2M08224748+2823098
686,5127,2M08232713-0056085
687,5127,2M08232729-0107375
688,2300,2M08233585+4611432
689,2300,2M08240245+4519544
690,2318,2M08241424+2514403
691,2318,2M08245483+2310368
692,5127,2M08250255+0025367
693,2318,2M08255189+2427045
694,2109,2M08283840+1901225
695,2109,2M08285567+1845495
696,5127,2M08300319+0026563
697,5127,2M08304890+0004465
698,5127,2M08313306+0010083
699,2300,2M08334137+4518261
700,2300,2M08341426+4538096
701,4534,2M08350016+1610061
702,2299,2M08352765+5442567
703,4534,2M08370307+1435433
704,5115,2M08405390+1208167
705,5115,2M08412291+1215234
706,5115,2M08413172+1238565
707,5115,2M08415731+1223579
708,2101,2M08422035+5341149
709,5115,2M08423210+1107222
710,5115,2M08423671+1134412
711,5115,2M08434211+1146573
712,5115,2M08434285+1234382
713,5115,2M08434597+1149016
714,5115,2M08442047+1116116
715,5115,2M08443371+1106033
716,5115,2M08444019+1044454
717,5115,2M08451142+1123372
718,5115,2M08452498+1311138
719,5115,2M08454939+1125519
720,4162,2M08455211+1157558
721,4267,2M08460130-1509051
722,5115,2M08470659+1134580
723,4162,2M08472585+1225091
724,4162,2M08490965+1148267
725,5115,2M08492553+1116449
726,2296,2M08494022+5509176
727,4267,2M08495593-1455048
728,2284,2M08502047+5723426
729,4162,2M08502698+1148313
730,5115,2M08503700+1154047
731,4162,2M08504952+1217158
732,5115,2M08510212+1149012
733,4162,2M08510576+1143469
734,4162,2M08510890+1148377
735,5115,2M08511901+1150057
736,4162,2M08512515+1214495
737,4162,2M08512530+1202563
738,5115,2M08512940+1154138
739,2296,2M08514058+5546490
740,2284,2M08520195+5816218
741,4162,2M08532217+1241133
742,2284,2M08533311+5647239
743,2284,2M08534213+5853052
744,4162,2M08534367+1050113
745,2284,2M08540716+5611488
746,4162,2M08542737+1038542
747,4535,2M08554987+0430058
748,4162,2M08560338+1219472
749,2284,2M08562557+5641120
750,2105,2M09011639+4154421
751,2105,2M09014952+4328007
752,2105,2M09021390+4310161
753,4206,2M09050701+3813502
754,2103,2M09070341+4422319
755,2284,2M09072886+5750452
756,4206,2M09073971+3841092
757,2103,2M09082078+4601286
758,5116,2M09090798+2247413
759,2105,2M09093293+4245012
760,5116,2M09104328+2321270
761,2103,2M09111215+4424367
762,5116,2M09112272+2112330
763,5116,2M09112850+2223427
764,5116,2M09115608+2158076
765,5116,2M09130726+2146121
766,5116,2M09130817+2337099
767,5116,2M09135509+2055246
768,5116,2M09184931+2148307
769,5116,2M09201002+2144421
770,2103,2M09201428+4504408
771,5116,2M09204171+2153368
772,5094,2M09210036+2726338
773,4450,2M09220753+2820107
774,4536,2M09222553-0655397
775,5094,2M09235833+2739155
776,5094,2M09241088+2631595
777,4536,2M09242547-0650183
778,4450,2M09243292+2823159
779,4536,2M09245718-0721097
780,5094,2M09250673+2646592
781,5094,2M09272491+2742337
782,5179,2M09291839+5620396
783,4223,2M09292132+3718010
784,2156,2M09300444+4948361
785,2156,2M09301294+5103102
786,5094,2M09302084+2736461
787,5094,2M09303816+2626237
788,5094,2M09304470+2808265
789,5179,2M09304744+5417137
790,5094,2M09305318+2835422
791,5179,2M09310583+5530183
792,4223,2M09315645+3714213
793,5094,2M09320785+2727380
794,5179,2M09320891+5605334
795,4211,2M09323415+5610109
796,4223,2M09324916+3612053
797,4536,2M09325236-0624540
798,4223,2M09331383+3624247
799,4223,2M09340530+3715170
800,2156,2M09350841+5013199
801,4223,2M09355228+3726198
802,2179,2M09361593+3731456
803,2156,2M09363007+5001047
804,5179,2M09373349+5534057
805,5179,2M09373589+5517114
806,2178,2M09373928+4303193
807,4223,2M09374874+3655260
808,2114,2M09405927+4615341
809,2179,2M09412383+3713321
810,4223,2M09422195+3725498
811,5126,2M09424325+3717420
812,5126,2M09425467+3852214
813,2178,2M09430433+4200227
814,2178,2M09431707+4341116
815,5126,2M09432436+3901385
816,2179,2M09432473+3713122
817,2175,2M09433219+4445224
818,5126,2M09435094+3713216
819,2114,2M09441580+4725546
820,4211,2M09445530+5526507
821,5126,2M09453165+3851300
822,2178,2M09461229+4356239
823,2178,2M09462362+4317049
824,2175,2M09473026+4435320
825,5126,2M09484895+3637052
826,5126,2M09485119+3932308
827,5126,2M09493523+3657582
828,5126,2M09495784+3708580
829,2176,2M09501533+4214122
830,2175,2M09510087+4644432
831,5126,2M09511829+3725141
832,2176,2M09513241+4220109
833,5126,2M09524216+3906199
834,2175,2M09525154+4603037
835,2175,2M09531153+4505428
836,2173,2M09535767+4521556
837,2173,2M09550790+4507443
838,2176,2M09554925+4209192
839,2176,2M09573570+4256416
840,2173,2M09575465+4551022
841,2173,2M10010184+4506185
842,2173,2M10021762+4647039
843,2170,2M10101304+4835124
844,2170,2M10101907+4602352
845,2170,2M10132098+4647259
846,2170,2M10142768+4825100
847,2170,2M10145543+4839485
848,2170,2M10161266+4705029
849,2174,2M10225087+3855304
850,2174,2M10231840+3606221
851,5119,2M10234404+1515252
852,5119,2M10250463+1435262
853,5119,2M10264845+1553445
854,4224,2M10265302+1713099
855,2113,2M10270261+4224051
856,4224,2M10270797+1555402
857,2322,2M10271955+3452273
858,2322,2M10272831+3528495
859,4224,2M10280514+1735219
860,5119,2M10283988+1600230
861,2169,2M10291410+4618558
862,2113,2M10291490+4351047
863,5119,2M10303444+1425299
864,4505,2M10303884+3426088
865,4442,2M10325973+3853468
866,4505,2M10331367+3409120
867,5123,2M10332980+2424271
868,4506,2M10334761+3018596
869,5123,2M10342576+2457586
870,4505,2M10350559+3507450
871,2113,2M10351318+4307121
872,4506,2M10352118+2907470
873,4443,2M10363155+2319410
874,4443,2M10370506+2541318
875,4538,2M10371075-1056303
876,5123,2M10371952+2340031
877,5123,2M10372328+2312262
878,4443,2M10372490+2442462
879,4538,2M10391336-1104510
880,5123,2M10391371+2444396
881,5123,2M10392276+2442211
882,4508,2M10393045+2045587
883,5123,2M10393233+2544364
884,4443,2M10402343+2510454
885,4538,2M10402800-1112350
886,5123,2M10402917+2429366
887,2113,2M10403051+4217212
888,5123,2M10411898+2539134
889,5123,2M10414974+2349031
890,4508,2M10421975+2017198
891,4508,2M10423925+1944404
892,5123,2M10440897+2435253
893,4538,2M10444116-1012171
894,4538,2M10451300-1028232
895,4508,2M10451405+1903465
896,4508,2M10455837+1904000
897,4442,2M10462233+4014258
898,4448,2M10464238+1626144
899,5185,2M10471460-0321276
900,4448,2M10472988+1726513
901,4504,2M10484537+4423377
902,4504,2M10485725+4355384
903,4236,2M10493780-0043348
904,4448,2M10503990+1511442
905,4448,2M10515485+1556172
906,4504,2M10522627+4312296
907,4448,2M10522769+1701079
908,5185,2M10525720-0200220
909,4448,2M10534927+1540389
910,5185,2M10541808-0244180
911,4504,2M10545522+4344339
912,5185,2M10554181-0225596
913,4236,2M10554328+0041514
914,4509,2M10563299+1534557
915,2165,2M10570986+2224429
916,5185,2M10572595-0301100
917,2111,2M10575445+4219046
918,5178,2M10581631+1107031
919,4444,2M10582329+1054571
920,5178,2M10582831+1113078
921,2122,2M10583731+4558228
922,2115,2M10590502+4254168
923,2165,2M11011479+2150334
924,2111,2M11013833+4225489
925,5178,2M11014937+1140205
926,4239,2M11015158-0541467
927,2165,2M11025060+2227272
928,2165,2M11025474+2225165
929,2165,2M11030352+2253233
930,2115,2M11030977+4435486
931,5178,2M11033377+1054045
932,2168,2M11033644+4136018
933,4228,2M11034402-1200068
934,4239,2M11034596-0541267
935,2327,2M11041549+5053407
936,4503,2M11044917+4840467
937,5178,2M11050050+1013286
938,2327,2M11051789+4829138
939,5178,2M11060544+1212052
940,5178,2M11060632+1222370
941,5178,2M11061975+1024160
942,4239,2M11063449-0525340
943,2165,2M11070193+2226186
944,2165,2M11070738+2113469
945,5178,2M11070896+1007379
946,4239,2M11072525-0700377
947,4228,2M11081296-1205110
948,4503,2M11081979+4751217
949,2165,2M11085460+2225074
950,2121,2M11091993+4259147
951,2166,2M11102969+2152082
952,4503,2M11104087+4751382
953,4503,2M11105136+4816453
954,2121,2M11105147+4312457
955,4503,2M11105352+4908141
956,2327,2M11111101+5050578
957,2327,2M11115813+5103078
958,2121,2M11130437+4256198
959,2121,2M11131392+4330338
960,2166,2M11134430+2239017
961,4539,2M11135770-0113054
962,2166,2M11150576+2139248
963,4539,2M11150635+0013432
964,2325,2M11153990+4808333
965,4539,2M11154188+0014031
966,4441,2M11160975+5136513
967,2326,2M11161475+5005005
968,2166,2M11171123+2246229
969,2325,2M11174652+4716107
970,4539,2M11181429-0026454
971,4510,2M11194113+0808315
972,4510,2M11194647+0820356
973,4510,2M11203609+0704135
974,4510,2M11204359+0639151
975,4539,2M11213676-0041263
976,2326,2M11215259+5037326
977,4441,2M11244798+5317481
978,2148,2M11260048+2145163
979,4441,2M11260825+5112494
980,4441,2M11260994+5335131
981,2325,2M11271298+4819267
982,2148,2M11281347+2308578
983,4511,2M11285264+0302257
984,2324,2M11291427+4634226
985,4441,2M11293132+5232582
986,2324,2M11293233+4718527
987,2148,2M11294280+2130132
988,4441,2M11294703+5146160
989,4441,2M11300381+5140211
990,2324,2M11304457+4747536
991,2324,2M11320156+4804552
992,2324,2M11322251+4625018
993,4511,2M11331525+0509116
994,4511,2M11334886+0440471
995,4214,2M11401093-1433560
996,4488,2M11404973+2655304
997,4488,2M11410110+2717085
998,4488,2M11413937+2811034
999,4214,2M11421199-1442273
1000,4488,2M11433820+2719190
1001,4214,2M11434104-1450596
1002,4445,2M11434920+0103193
1003,4488,2M11441188+2633242
1004,4445,2M11441821+0122336
1005,4488,2M11444970+2818262
1006,5109,2M11445041+0202544
1007,5109,2M11451093+0052114
1008,5109,2M11451576+0213082
1009,5124,2M11452622+3513341
1010,4487,2M11453072+3411559
1011,4502,2M11453792+5600247
1012,5109,2M11455806+0109286
1013,4488,2M11460972+2717512
1014,4124,2M11462363+0117381
1015,5109,2M11463240+0012374
1016,5109,2M11470129+0103597
1017,4124,2M11470542-0054538
1018,4433,2M11472318-0124310
1019,4124,2M11473177-0051014
1020,5109,2M11482122+0033519
1021,4433,2M11483866-0031171
1022,4124,2M11484030+0122219
1023,5124,2M11484047+3310162
1024,4487,2M11484981+3446170
1025,5124,2M11485565+3510462
1026,4124,2M11490786+0057101
1027,4124,2M11492377+0057408
1028,5124,2M11493348+3438232
1029,5124,2M11493493+3315124
1030,4124,2M11494247+0051023
1031,4488,2M11494431+2713454
1032,4502,2M11495002+5448155
1033,4229,2M11495375-1113149
1034,4124,2M11500810+0122064
1035,2120,2M11500819+4413358
1036,4502,2M11501253+5613304
1037,5124,2M11502835+3550085
1038,5109,2M11503848+0001028
1039,4487,2M11504147+3339475
1040,4433,2M11504449-0114429
1041,5124,2M11505308+3457473
1042,5109,2M11510060-0004383
1043,4445,2M11510221+0018423
1044,4502,2M11511067+5607476
1045,4502,2M11511579+5359223
1046,4124,2M11512516+0100277
1047,4489,2M11513353+1853540
1048,5124,2M11514172+3524360
1049,5124,2M11514521+3323435
1050,5165,2M11520620+2055389
1051,5109,2M11520984+0013093
1052,2120,2M11521231+4459393
1053,2120,2M11521532+4409218
1054,5165,2M11521737+1847516
1055,2120,2M11522510+4353566
1056,5124,2M11523298+3505514
1057,5165,2M11523430+2057275
1058,4487,2M11523523+3524121
1059,2120,2M11523697+4520069
1060,5165,2M11524440+1854483
1061,5124,2M11532847+3319043
1062,4487,2M11535946+3325572
1063,4502,2M11541150+5505174
1064,5124,2M11541855+3512092
1065,4502,2M11542519+5554150
1066,4487,2M11551441+3345258
1067,5124,2M11553427+3426337
1068,5124,2M11553550+3329207
1069,4502,2M11560245+5550221
1070,4502,2M11560974+5559038
1071,2120,2M11561574+4325241
1072,5165,2M11562815+1842366
1073,5165,2M11570299+2028436
1074,4487,2M11570882+3408347
1075,4449,2M11571401-1627133
1076,5165,2M11583423+1839580
1077,2120,2M11585452+4511578
1078,4489,2M11591133+2008022
1079,4502,2M11593775+5603009
1080,4449,2M12000893-1635081
1081,4226,2M12003710+1528347
1082,2120,2M12004841+4326152
1083,4449,2M12005360-1658366
1084,2120,2M12005785+4535403
1085,4449,2M12012637-1731011
1086,2120,2M12022590+4354115
1087,2120,2M12022707+4518032
1088,4512,2M12031353-0021147
1089,4226,2M12031564+1606376
1090,4148,2M12033335+1949466
1091,4226,2M12034709+1756233
1092,2120,2M12035232+4451316
1093,4226,2M12042847+1557466
1094,4226,2M12044635+1700422
1095,4512,2M12044955-0130453
1096,4226,2M12050898+1552598
1097,4148,2M12051317+1934065
1098,4512,2M12052500-0151593
1099,4148,2M12052834+1858185
1100,4512,2M12053971-0116486
1101,4512,2M12060326-0102157
1102,4226,2M12061947+1532404
1103,4512,2M12065773+0037447
1104,2210,2M12074090+3519591
1105,4148,2M12075454+1852150
1106,4512,2M12075671-0039375
1107,4148,2M12081257+1810430
1108,4512,2M12083802-0155596
1109,4148,2M12084115+1726057
1110,4512,2M12093943-0053474
1111,2119,2M12094372+4553512
1112,4148,2M12095289+1817166
1113,4148,2M12100260+1743287
1114,4148,2M12101415+1736589
1115,4148,2M12102643+1907049
1116,4235,2M12102713+0617206
1117,2119,2M12113437+4632276
1118,2119,2M12114622+4430019
1119,4490,2M12115853+1425463
1120,2210,2M12124450+3536392
1121,2119,2M12124831+4659000
1122,4486,2M12130313+4103028
1123,4490,2M12131474+1359248
1124,4490,2M12132501+1422455
1125,2116,2M12132509+4435039
1126,2119,2M12135869+4656058
1127,2210,2M12145430+3508227
1128,4486,2M12150155+4023234
1129,4490,2M12154674+1522506
1130,2118,2M12154767+4548508
1131,2210,2M12161280+3716444
1132,4501,2M12161770+5712513
1133,2210,2M12173867+3646089
1134,4501,2M12174444+5639476
1135,4125,2M12175773+0003173
1136,4490,2M12181105+1513373
1137,4501,2M12181696+5624252
1138,4125,2M12182666-0050404
1139,4490,2M12183988+1359445
1140,2116,2M12184028+4321213
1141,4216,2M12184090+2611253
1142,4216,2M12190182+2541120
1143,4125,2M12192916+0030384
1144,4216,2M12201777+2606363
1145,4216,2M12211038+2500231
1146,4490,2M12211862+1326565
1147,4490,2M12213159+1421358
1148,4216,2M12213178+2517316
1149,4216,2M12214070+2707510
1150,4125,2M12214497-0139277
1151,2118,2M12215013+4632447
1152,4216,2M12215616+2718342
1153,4218,2M12221055+1259376
1154,4125,2M12222116-0046455
1155,4216,2M12223062+2700041
1156,4216,2M12223138+2549424
1157,4216,2M12230413+2509120
1158,4216,2M12231692+2712095
1159,4216,2M12232789+2529003
1160,2118,2M12232903+4508106
1161,4513,2M12235874-0143384
1162,4501,2M12242413+5648023
1163,4216,2M12250641+2647294
1164,2116,2M12254818+4508455
1165,4125,2M12255229-0025098
1166,4216,2M12260339+2710503
1167,4216,2M12260547+2644385
1168,4501,2M12261350+5605445
1169,4125,2M12265042+0034558
1170,4501,2M12271225+5655134
1171,4216,2M12272534+2655470
1172,4125,2M12274221+0002386
1173,4216,2M12274833+2513110
1174,4216,2M12281366+2712395
1175,4218,2M12285645+1508139
1176,4513,2M12292198-0210311
1177,4218,2M12301597+1358482
1178,2181,2M12335984+4448188
1179,2151,2M12340340+4614343
1180,4501,2M12352005+5617428
1181,2151,2M12364520+4449495
1182,2151,2M12372671+4514409
1183,2151,2M12385369+4544460
1184,5183,2M12395447-0231218
1185,4126,2M12402673-0806522
1186,4126,2M12403276-0857325
1187,2151,2M12404411+4441379
1188,4446,2M12411860-0206358
1189,2151,2M12421629+4623376
1190,4126,2M12422605-0841385
1191,5183,2M12424391-0356105
1192,5183,2M12424847-0140252
1193,4491,2M12434386+1225305
1194,4126,2M12440649-0816214
1195,5183,2M12442508-0224581
1196,5183,2M12443660-0232028
1197,2151,2M12450919+4610585
1198,5183,2M12451513-0232306
1199,5183,2M12452382-0206590
1200,4126,2M12452870-0754470
1201,5122,2M12453072+1203344
1202,5122,2M12453320+1319284
1203,4126,2M12460965-0819502
1204,4126,2M12461187-0847375
1205,4127,2M12461740+2744570
1206,4491,2M12462044+1251325
1207,4126,2M12470336-0818049
1208,4126,2M12474320-0712154
1209,4126,2M12475524-0850470
1210,5098,2M12475549+4233494
1211,5122,2M12480019+1128405
1212,5183,2M12480184-0358097
1213,4485,2M12481033+4213287
1214,4485,2M12482973+4244346
1215,4127,2M12483009+2802471
1216,5122,2M12483246+1041574
1217,4126,2M12484669-0815193
1218,4491,2M12485494+1152134
1219,4446,2M12491211-0221498
1220,4126,2M12493129-0812440
1221,4446,2M12493835-0153346
1222,4491,2M12494350+1254025
1223,4491,2M12500577+1229216
1224,4127,2M12502479+2556583
1225,4491,2M12502584+1213279
1226,5122,2M12503046+1141464
1227,4127,2M12503571+2728589
1228,4491,2M12504515+1133371
1229,4491,2M12505092+1324147
1230,5122,2M12505546+1219564
1231,4127,2M12505991+2724043
1232,2127,2M12510255+4329052
1233,4127,2M12511548+2740224
1234,2127,2M12520418+4335525
1235,5122,2M12523231+1204520
1236,4491,2M12524061+1125384
1237,4491,2M12524780+1259227
1238,4127,2M12525406+2745305
1239,4127,2M12525637+2757516
1240,4491,2M12530576+1127481
1241,4127,2M12531824+2623253
1242,4127,2M12540337+2641338
1243,4127,2M12540635+2600505
1244,4127,2M12545354+2643150
1245,2307,2M12553506+2703401
1246,2305,2M12553534+2703495
1247,4127,2M12555487+2644079
1248,5098,2M12560807+4201587
1249,2307,2M12561024+2612207
1250,5098,2M12564512+4107013
1251,4127,2M12564885+2655450
1252,2306,2M12570675+2658076
1253,4485,2M12581321+4049138
1254,5098,2M12584290+4149167
1255,5098,2M12585271+4323017
1256,2305,2M12591949+2825024
1257,4514,2M12594578-0238130
1258,5098,2M13004494+4256526
1259,2306,2M13011859+2844170
1260,2128,2M13011891+4706290
1261,5098,2M13022103+4140053
1262,2128,2M13032022+4607555
1263,2306,2M13033866+2826598
1264,4210,2M13034024+7256329
1265,4440,2M13035326+5740523
1266,4514,2M13035780-0321372
1267,4514,2M13054729-0119440
1268,2128,2M13060639+4504045
1269,4514,2M13062354-0212179
1270,2306,2M13070277+2722252
1271,4514,2M13073948-0351346
1272,4219,2M13090450+1411351
1273,4128,2M13101632+1711251
1274,4514,2M13102729-0203277
1275,4128,2M13104833+1646156
1276,4128,2M13105588+1640167
1277,4219,2M13110139+1540294
1278,2128,2M13110514+4556415
1279,4219,2M13110667+1255517
1280,2128,2M13112813+4559209
1281,4128,2M13120985+1823115
1282,4128,2M13125802+1705273
1283,4128,2M13132992+1657146
1284,4492,2M13150119+1319313
1285,4128,2M13153389+1631592
1286,4128,2M13163564+1752114
1287,4219,2M13174753+1425345
1288,4128,2M13181700+1709062
1289,5181,2M13182171+7308406
1290,4210,2M13182749+7114137
1291,4219,2M13182786+1412235
1292,4210,2M13191174+7325373
1293,4492,2M13191960+1503064
1294,4492,2M13211833+1431215
1295,2129,2M13215490+4926280
1296,4515,2M13215567-0242043
1297,4492,2M13222419+1446429
1298,4492,2M13230135+1259254
1299,2129,2M13232039+4820576
1300,2333,2M13240871+2642074
1301,2129,2M13250735+4957108
1302,2129,2M13253776+4857466
1303,2129,2M13255440+4946491
1304,2129,2M13263654+4725244
1305,2333,2M13264159+2708352
1306,4515,2M13271827-0155093
1307,4515,2M13271904-0055078
1308,4484,2M13272616+3929064
1309,2333,2M13273308+2709485
1310,2129,2M13274558+4827258
1311,2333,2M13274930+2519492
1312,4484,2M13285979+4011453
1313,2333,2M13290178+2659568
1314,4434,2M13290259+3822581
1315,4434,2M13303129+3702212
1316,4484,2M13304262+4021481
1317,4515,2M13304665-0119339
1318,4484,2M13305701+3910531
1319,2333,2M13311363+2516274
1320,4484,2M13311537+3918585
1321,4500,2M13313276+5606031
1322,4484,2M13321628+3833502
1323,5181,2M13323714+7213024
1324,4484,2M13323830+3820150
1325,4434,2M13325589+3638313
1326,4484,2M13334827+4044474
1327,2333,2M13340768+2605027
1328,4484,2M13341084+4030547
1329,4500,2M13342673+5507244
1330,5181,2M13344855+7124397
1331,5181,2M13352089+7138178
1332,2333,2M13353101+2636184
1333,4484,2M13353236+3754429
1334,5181,2M13362556+7208261
1335,4484,2M13363741+4015236
1336,4484,2M13364390+3846185
1337,4500,2M13364900+5533195
1338,4484,2M13372608+4013294
1339,2130,2M13374710+2247546
1340,4484,2M13381445+3932539
1341,4447,2M13385031+0005084
1342,4484,2M13390596+3834383
1343,2130,2M13391304+2254360
1344,4481,2M13393861+1856317
1345,4481,2M13403523+1741045
1346,4160,2M13411185+2825222
1347,5121,2M13411188-0028218
1348,4160,2M13411602+2800485
1349,4215,2M13413548-1723167
1350,2164,2M13415047+3841207
1351,2130,2M13415891+2306319
1352,4481,2M13420230+1811500
1353,4160,2M13420834+2639417
1354,2164,2M13424798+4026386
1355,2164,2M13425482+4032196
1356,4215,2M13425757-1609377
1357,4481,2M13430119+1948065
1358,2130,2M13430851+2227292
1359,4481,2M13431527+1910491
1360,5121,2M13433120+0045008
1361,5121,2M13433282-0133386
1362,4481,2M13440326+1838577
1363,2130,2M13440737+2327127
1364,5121,2M13441795-0128111
1365,2130,2M13451257+2326450
1366,5121,2M13454156-0031426
1367,5121,2M13455686-0002323
1368,4447,2M13455993-0032271
1369,2164,2M13460794+4030251
1370,4481,2M13462639+1808154
1371,4481,2M13470697+1703512
1372,4481,2M13474582+1728364
1373,4447,2M13475543+0027182
1374,4233,2M13480922+4303091
1375,5121,2M13482079-0006007
1376,4481,2M13483079+1750445
1377,4160,2M13500676+2741310
1378,4233,2M13514152+4434174
1379,4482,2M13515405+2502119
1380,4482,2M13521476+2602074
1381,2164,2M13524090+3858372
1382,4483,2M13530934+3331183
1383,4483,2M13533481+3411047
1384,4483,2M13533986+3153290
1385,2164,2M13551824+3929561
1386,5180,2M13561253+3233490
1387,5180,2M13573168+3143359
1388,4516,2M13575301+0152431
1389,4483,2M13575625+3250596
1390,5180,2M13580746+3410371
1391,5180,2M13584371+3215507
1392,4516,2M13584399+0317586
1393,4516,2M14000499+0057149
1394,4483,2M14002167+3317198
1395,4482,2M14015624+2600283
1396,4161,2M14021715+2748089
1397,4482,2M14022819+2549341
1398,4499,2M14022994+5421186
1399,4161,2M14032233+2949215
1400,4161,2M14043486+2728561
1401,4161,2M14044305+2723079
1402,4516,2M14071006+0201334
1403,2139,2M14074410+4403278
1404,4499,2M14081562+5236281
1405,4161,2M14083075+2934171
1406,4499,2M14103850+5449064
1407,2135,2M14110339+4646220
1408,2221,2M14114002+5230152
1409,2221,2M14123792+5259465
1410,2221,2M14123798+5426481
1411,2143,2M14142333+4320108
1412,2139,2M14143219+4432121
1413,2139,2M14145847+4504166
1414,2221,2M14152149+5201469
1415,4517,2M14154898+0637316
1416,4528,2M14155692+8603564
1417,2136,2M14161880+4733154
1418,2136,2M14170081+4629096
1419,2136,2M14173250+4747274
1420,2139,2M14175353+4414570
1421,2136,2M14175541+4555201
1422,2143,2M14184770+4301250
1423,2143,2M14190206+4149264
1424,2221,2M14192163+5357504
1425,2221,2M14195376+5419200
1426,2143,2M14200741+4207559
1427,4203,2M14201208-0615236
1428,2143,2M14201626+4212139
1429,2143,2M14214608+4227556
1430,2198,2M14215098+5258412
1431,2143,2M14224248+4306518
1432,2136,2M14233143+4543526
1433,5186,2M14235452+4955402
1434,2143,2M14240587+4351304
1435,5186,2M14251843+5017351
1436,5069,2M14260605+5820587
1437,4439,2M14261159+4951057
1438,5186,2M14274038+5036446
1439,5186,2M14274179+4959530
1440,4439,2M14274439+5034456
1441,5069,2M14275406+5759122
1442,5186,2M14281647+5031359
1443,4436,2M14283000+0917461
1444,5069,2M14290279+5854412
1445,5186,2M14291014+5104238
1446,4203,2M14291281-0540046
1447,5186,2M14292269+4929515
1448,4439,2M14293977+4957242
1449,4436,2M14310609+0801287
1450,4439,2M14310791+4913264
1451,5186,2M14311865+4951527
1452,5069,2M14312777+5650157
1453,4436,2M14313488+0746128
1454,2225,2M14314101+5137193
1455,5069,2M14314860+5731173
1456,4436,2M14323940+0814575
1457,5186,2M14325542+4941413
1458,5186,2M14344287+4956266
1459,5186,2M14345083+5006175
1460,2225,2M14345481+5013426
1461,5186,2M14345895+5030385
1462,4436,2M14365377+0822166
1463,4436,2M14370236+0928340
1464,4439,2M14371475+4957323
1465,5186,2M14373626+4915501
1466,5186,2M14381093+5107169
1467,4493,2M14382408+1237368
1468,5186,2M14382708+5111447
1469,5069,2M14390065+5719520
1470,4493,2M14390153+1320274
1471,4439,2M14401962+5018052
1472,2225,2M14405780+5144175
1473,2222,2M14412981+5254281
1474,2225,2M14443045+5004261
1475,2222,2M14443738+5216336
1476,2222,2M14443940+5230094
1477,5068,2M14462458-0702557
1478,4493,2M14463311+1306372
1479,2222,2M14472840+5131195
1480,2222,2M14484837+5203591
1481,4493,2M14490955+1242421
1482,2222,2M14493203+5217309
1483,2354,2M14503650+3019527
1484,4498,2M14521053+4608465
1485,4494,2M14534360+1713530
1486,2354,2M14534607+3120398
1487,4494,2M14541230+1653305
1488,4220,2M14542303+3122323
1489,4498,2M14542451+4517557
1490,2222,2M14542627+5200439
1491,4494,2M14543922+1658362
1492,2331,2M14545496+4108480
1493,4494,2M14545499+1809210
1494,4231,2M14550677+3816504
1495,4494,2M14551294+1816467
1496,4498,2M14551800+4531119
1497,4494,2M14553384+1545593
1498,2354,2M14561293+3058179
1499,5182,2M14565773+2213157
1500,2222,2M14571254+5239483
1501,2222,2M14571457+5257598
1502,2354,2M14572647+3100099
1503,5182,2M14573278+2117417
1504,4494,2M14580457+1618569
1505,4231,2M14584025+3831094
1506,5182,2M14584571+2129073
1507,2227,2M14590971+4707131
1508,4494,2M14591760+1735061
1509,4494,2M14595810+1641256
1510,4231,2M15002128+3645004
1511,5182,2M15002171+2216158
1512,5182,2M15002220+2232142
1513,4497,2M15002525+4129043
1514,4497,2M15003255+4141573
1515,4220,2M15003943+3157061
1516,5182,2M15004819+2050499
1517,4437,2M15010425+2107461
1518,4231,2M15010903+3702218
1519,2227,2M15012545+4907480
1520,4497,2M15014005+4012015
1521,2227,2M15014323+4922341
1522,2227,2M15014728+4842168
1523,5182,2M15020923+2141579
1524,5182,2M15024200+2115225
1525,4495,2M15034929+2602195
1526,2331,2M15044912+4238205
1527,2227,2M15050730+4824092
1528,4437,2M15052739+2039223
1529,4437,2M15055682+2216202
1530,4437,2M15062484+2149029
1531,4438,2M15064153+3604209
1532,4438,2M15071609+3625508
1533,4495,2M15100112+2729592
1534,4438,2M15105106+3626429
1535,4496,2M15111198+3028371
1536,5092,2M15112862+0112140
1537,2370,2M15125293+3342078
1538,5092,2M15132029+0038247
1539,5092,2M15132089+0105129
1540,5118,2M15135344+6730564
1541,4201,2M15150710+0125411
1542,5092,2M15155080+0128265
1543,5118,2M15155386+6546121
1544,4451,2M15160106+3604199
1545,5092,2M15160598-0015169
1546,5092,2M15161059-0004047
1547,4201,2M15162793+0004334
1548,5092,2M15164965+0004194
1549,4201,2M15175931-0008149
1550,5092,2M15182839-0015497
1551,5092,2M15191468+0136026
1552,2370,2M15195590+3205555
1553,4232,2M15203190+3730127
1554,5118,2M15204810+6647552
1555,2370,2M15212326+3434557
1556,5092,2M15214971+0049458
1557,5092,2M15215222+0017155
1558,5092,2M15220945+0129242
1559,5092,2M15221548+0127303
1560,4451,2M15234301+3456466
1561,2370,2M15235486+3343341
1562,4451,2M15242209+3703289
1563,4451,2M15260845+3556298
1564,4234,2M15261158+4227350
1565,4234,2M15272894+4413359
1566,2373,2M15315427+2851096
1567,4232,2M15322471+3710187
1568,4528,2M15351155+8724215
1569,2373,2M15372249+2737360
1570,4528,2M15374380+8532048
1571,2373,2M15400876+2824482
1572,2372,2M15403020+2917463
1573,2366,2M15405425+4400117
1574,2372,2M15422618+3001126
1575,2372,2M15433931+3019329
1576,2366,2M15440315+4530083
1577,2372,2M15445720+3054368
1578,2189,2M15451998+4738372
1579,2372,2M15461593+2835415
1580,2372,2M15465261+2901044
1581,2189,2M15465395+4736295
1582,4528,2M15471548+8655422
1583,2366,2M15494132+4404124
1584,2372,2M15494368+2952208
1585,2366,2M15494721+4515010
1586,2367,2M15510682+4303598
1587,2189,2M15522390+4628191
1588,2189,2M15524460+4614374
1589,2189,2M15541138+4627014
1590,2367,2M15584651+4434296
1591,5131,2M16000602+0545544
1592,2123,2M16012077+4037196
1593,5131,2M16014326+0713580
1594,2203,2M16020924+4604420
1595,2367,2M16020994+4300191
1596,2123,2M16030394+4056405
1597,2362,2M16033666+4338015
1598,2123,2M16040589+4150089
1599,2367,2M16041149+4301490
1600,4452,2M16042285+2847434
1601,4452,2M16050185+2833060
1602,2203,2M16050296+4436428
1603,5125,2M16060627+2425066
1604,5125,2M16062973+2244020
1605,5125,2M16071354+2410399
1606,5125,2M16072061+2250573
1607,4452,2M16074113+2801112
1608,5131,2M16074118+0612509
1609,2203,2M16075243+4539535
1610,4209,2M16075627+5030072
1611,5125,2M16080988+2233281
1612,2203,2M16082084+4420412
1613,5184,2M16082848+5206036
1614,4528,2M16083324+8714367
1615,2359,2M16090544+2927211
1616,2359,2M16091134+2920201
1617,2185,2M16092668+4811454
1618,5184,2M16093145+5117579
1619,5125,2M16095592+2331352
1620,4208,2M16100946+2312212
1621,2123,2M16102575+4054240
1622,5125,2M16102747+2404344
1623,2123,2M16102809+4150102
1624,5125,2M16103535+2438142
1625,5184,2M16110944+5100041
1626,2199,2M16111574+4802582
1627,5184,2M16121593+5130382
1628,5125,2M16121865+2318487
1629,2185,2M16131233+4923076
1630,4209,2M16131259+5043080
1631,5125,2M16131752+2235118
1632,2230,2M16133142+4244240
1633,5125,2M16134194+2339256
1634,5125,2M16140028+2248335
1635,2185,2M16140946+4827438
1636,2230,2M16141328+4223497
1637,5184,2M16141367+5226239
1638,4209,2M16141610+5238045
1639,2185,2M16142152+4928244
1640,5125,2M16143290+2353055
1641,2211,2M16145373+4436070
1642,5125,2M16145392+2333487
1643,2185,2M16150696+4825384
1644,2203,2M16151065+4623530
1645,2211,2M16151078+4302279
1646,2230,2M16151949+4214497
1647,2185,2M16152599+4926138
1648,2211,2M16154258+4433091
1649,2211,2M16155518+4440005
1650,5125,2M16170626+2401086
1651,5184,2M16171875+5141366
1652,2359,2M16174031+2937504
1653,2185,2M16180337+4913376
1654,2185,2M16182312+4831222
1655,2185,2M16190168+4958254
1656,5184,2M16190692+5207080
1657,2356,2M16191913+2946058
1658,5184,2M16192668+5101452
1659,2230,2M16192812+4154312
1660,2356,2M16193922+2853378
1661,2358,2M16203206+3246565
1662,2234,2M16204831+3842369
1663,2186,2M16204906+4729156
1664,2356,2M16210600+2944239
1665,2199,2M16220014+4609197
1666,2185,2M16220530+4934252
1667,2358,2M16225397+3301474
1668,2211,2M16233435+4410311
1669,2380,2M16234066+2542427
1670,2186,2M16234700+4759536
1671,2358,2M16251787+3258030
1672,2380,2M16253267+2514021
1673,4200,2M16255223-1401277
1674,2186,2M16260968+4838101
1675,2378,2M16261952+2657121
1676,4528,2M16262568+8531008
1677,2187,2M16263557+4507300
1678,2378,2M16264737+2621472
1679,4200,2M16265798-1420587
1680,2378,2M16270025+2541199
1681,2122,2M16272745+4021258
1682,2186,2M16273199+4901191
1683,2204,2M16274402+3934162
1684,4200,2M16281238-1410441
1685,2378,2M16290189+2536039
1686,2204,2M16292280+3836223
1687,4200,2M16294590-1305087
1688,2232,2M16302099+3819102
1689,2186,2M16302817+4749143
1690,2122,2M16303891+4109271
1691,4200,2M16305921-1156051
1692,4200,2M16310423-1205453
1693,4200,2M16312957-1311444
1694,2122,2M16313876+4021069
1695,4200,2M16314223-1417134
1696,4200,2M16314787-1143578
1697,4521,2M16320376-0120163
1698,4200,2M16330192-1355546
1699,4200,2M16330315-1359597
1700,4200,2M16334837-1324039
1701,4200,2M16340548-1341250
1702,2357,2M16344142+4356254
1703,2329,2M16344215+4128581
1704,2231,2M16361666+3927046
1705,2187,2M16361674+4511532
1706,2218,2M16363198+3915242
1707,2187,2M16364334+4522156
1708,4521,2M16380443-0117529
1709,4105,2M16385680+3635073
1710,4105,2M16393935+3717350
1711,2218,2M16394504+3759252
1712,2231,2M16422741+4059442
1713,5093,2M16423984-0245267
1714,2231,2M16424438+4053144
1715,4204,2M16424598+4816143
1716,2218,2M16424644+3830534
1717,2218,2M16430263+4040498
1718,4105,2M16435115+3729151
1719,2329,2M16444589+4210120
1720,4105,2M16445239+3644423
1721,2329,2M16450727+4243205
1722,2357,2M16454724+4431270
1723,2329,2M16454920+4203227
1724,2218,2M16455126+3826443
1725,2218,2M16460347+3925449
1726,5093,2M16460657-0312234
1727,4372,2M16470478-1952425
1728,4204,2M16472131+4857113
1729,5093,2M16472261-0206542
1730,5093,2M16472665-0158198
1731,5093,2M16474217-0156272
1732,5093,2M16482368-0221371
1733,5093,2M16493655-0301326
1734,2242,2M16505187+3859479
1735,4204,2M16510235+4614124
1736,2236,2M16520959+3655444
1737,2236,2M16524256+3624264
1738,2236,2M16541726+3620003
1739,4204,2M16553812+4717244
1740,2242,2M16570239+3939560
1741,4361,2M16574471-2037312
1742,4361,2M16575674-2047519
1743,4522,2M16582628+0939165
1744,2236,2M16585129+3527124
1745,2243,2M16585446+3345290
1746,5129,2M16593506-2247020
1747,5129,2M17002264-2158498
1748,2243,2M17022151+3414393
1749,5129,2M17022162-2240501
1750,5129,2M17022730-2131265
1751,5129,2M17023206-2210360
1752,5129,2M17023223-2301382
1753,2236,2M17024115+3544084
1754,5129,2M17024309-2204184
1755,2000,2M17032247+3506166
1756,2236,2M17033494+3628496
1757,4454,2M17040597+6007537
1758,2000,2M17041102+3438305
1759,2243,2M17043186+3531484
1760,2000,2M17051748+3451223
1761,2001,2M17053805+3350598
1762,2001,2M17071395+3217473
1763,2000,2M17083310+3533501
1764,2003,2M17090565+3206318
1765,2037,2M17090852+6422110
1766,2000,2M17094284+3504528
1767,4453,2M17095788+4825288
1768,2003,2M17114352+3305120
1769,2001,2M17114963+3312077
1770,2382,2M17133776+2844177
1771,4523,2M17134986+2319018
1772,2256,2M17135392+5719133
1773,4202,2M17135983+4203074
1774,5188,2M17143364+5725114
1775,4455,2M17145346+5428329
1776,4454,2M17145677+5851284
1777,4202,2M17151471+4427487
1778,5188,2M17152389+5706484
1779,2003,2M17154566+3210046
1780,4453,2M17170666+4948493
1781,5188,2M17184224+5759099
1782,5188,2M17192063+5827278
1783,2241,2M17200552+6206234
1784,2003,2M17203026+3101341
1785,2382,2M17213895+2839370
1786,4202,2M17214315+4224050
1787,2241,2M17220794+6055232
1788,2257,2M17221903+5648324
1789,2005,2M17234135+2754380
1790,2382,2M17241766+2730215
1791,5188,2M17245666+5808485
1792,2255,2M17245939+5841446
1793,2256,2M17263087+5537524
1794,2241,2M17272749+6132174
1795,2034,2M17273428+5619523
1796,2256,2M17273631+5659386
1797,2241,2M17285860+6044004
1798,4524,2M17292110+3510045
1799,4455,2M17300861+5440161
1800,4527,2M17315986+7407420
1801,2255,2M17330239+5829432
1802,4387,2M17330338-1722158
1803,4352,2M17340500-2808243
1804,2034,2M17350399+5706045
1805,4352,2M17360668-2710099
1806,4527,2M17360963+7330597
1807,4345,2M17363685-2004399
1808,4352,2M17364991-2728343
1809,4348,2M17391651-2259198
1810,4330,2M17445535-2859471
1811,4354,2M17470661-2704275
1812,4330,2M17472032-2814389
1813,4526,2M17473216+6114311
1814,4525,2M17482873+4851155
1815,4525,2M17495206+4744029
1816,4365,2M17512180-2238562
1817,5028,2M17521460-0044129
1818,4365,2M17524601-2324252
1819,4386,2M17525474-2834370
1820,4386,2M17531813-2816161
1821,4386,2M17534072-2854556
1822,4104,2M17534189-2542219
1823,4527,2M17540118+7438578
1824,4377,2M17560094-2046005
1825,4104,2M17564844-2523577
1826,4283,2M17585257+0327593
1827,4343,2M17594139-1935453
1828,4527,2M17595454+7259096
1829,4363,2M18001201-2631398
1830,4283,2M18004179+0258541
1831,4355,2M18011118-2227100
1832,4332,2M18023443-2952598
1833,4332,2M18024917-3039423
1834,5132,2M18030940-0804269
1835,5132,2M18035931-0943193
1836,4378,2M18040248-1805575
1837,4355,2M18041101-2231447
1838,5132,2M18045856-0844201
1839,4370,2M18052444-1520538
1840,4332,2M18052881-2936483
1841,4366,2M18062539-2508532
1842,5132,2M18063956-0732533
1843,4366,2M18065593-2449047
1844,4366,2M18070105-2519382
1845,4329,2M18075069-3116452
1846,4283,2M18080646+0244373
1847,4370,2M18085948-1555569
1848,5132,2M18091399-0826378
1849,5070,2M18100329+0532276
1850,4393,2M18104783-2824046
1851,4107,2M18152544+0203097
1852,4393,2M18153119-2848286
1853,4107,2M18191402-0016205
1854,4358,2M18280206-1217422
1855,4244,2M18302377-0002426
1856,4342,2M18304997-1417537
1857,4244,2M18310222-0103054
1858,5156,2M18315085+0237527
1859,4376,2M18322777-1249395
1860,4244,2M18332753-0105285
1861,5032,2M18343302+1949166
1862,5203,2M18353396-0433071
1863,5203,2M18362562-0417574
1864,5203,2M18363633-0418171
1865,5203,2M18364602-0434060
1866,5032,2M18370339+1950559
1867,4350,2M18392371-3006385
1868,4106,2M18401190-0445207
1869,4240,2M18402040-0226408
1870,4457,2M18411589-1016542
1871,4240,2M18432561-0206165
1872,5201,2M18440465-2504243
1873,4409,2M18440688+4240500
1874,5201,2M18444303-2521347
1875,4240,2M18445290-0227346
1876,4381,2M18451472-2949316
1877,4240,2M18451898-0150567
1878,4409,2M18455914+4446228
1879,4240,2M18460678-0337057
1880,4409,2M18461575+4400134
1881,5008,2M18461929+4425039
1882,5003,2M18481170+4708429
1883,5029,2M18481628+0052410
1884,5029,2M18485365+0123016
1885,4279,2M18493219-1028385
1886,5201,2M18500194-2443204
1887,4409,2M18501597+4345164
1888,5003,2M18501749+4754152
1889,4240,2M18504586-0307032
1890,5201,2M18512406-2513033
1891,5029,2M18531548-0007457
1892,5003,2M18532301+4644089
1893,5029,2M18533370-0029500
1894,5029,2M18534182+0041222
1895,5029,2M18534305+0026394
1896,4331,2M18543205-3047488
1897,5029,2M18544163-0028457
1898,4401,2M18544916+4512355
1899,4331,2M18565583-3025539
1900,4247,2M18571262-0328064
1901,4401,2M18573541+4507441
1902,5029,2M18575192+0143329
1903,4247,2M18580407-0331429
1904,5002,2M18594944+5005024
1905,5002,2M19000347+4958487
1906,5018,2M19011754+3942333
1907,4247,2M19012187-0339378
1908,4247,2M19014689-0447166
1909,4401,2M19031812+4453004
1910,5018,2M19045800+4000320
1911,5018,2M19061589+3758374
1912,4407,2M19100840+3918551
1913,5006,2M19102282+4730049
1914,4404,2M19110844+4406544
1915,5006,2M19111194+4629197
1916,5006,2M19120487+4619269
1917,5006,2M19124608+4638467
1918,4404,2M19134154+4251250
1919,5006,2M19134338+4704252
1920,5006,2M19134546+4812261
1921,5006,2M19155436+4754093
1922,4254,2M19172318-0607407
1923,5031,2M19173869+1311126
1924,4465,2M19183060+4153031
1925,4262,2M19184759+3824238
1926,5031,2M19185859+1450376
1927,5021,2M19201091+3756217
1928,5011,2M19204751+4455299
1929,4262,2M19210116+3820299
1930,5005,2M19215508+4901246
1931,4299,2M19222466+4230507
1932,5027,2M19225710-1216384
1933,4262,2M19225746+3824509
1934,5021,2M19230150+3705233
1935,5005,2M19230176+4917057
1936,5005,2M19230995+4747431
1937,4262,2M19232622+3838017
1938,5011,2M19233008+4554013
1939,5011,2M19235231+4440024
1940,4262,2M19235494+3834587
1941,5021,2M19235995+3800009
1942,5005,2M19240123+4751519
1943,5011,2M19250570+4422164
1944,4464,2M19252567+4229371
1945,4400,2M19252895+4726078
1946,4464,2M19253264+4242328
1947,4400,2M19253651+4900461
1948,5005,2M19253754+4926459
1949,4464,2M19261667+4228032
1950,5011,2M19262658+4342316
1951,5005,2M19263097+4901487
1952,4313,2M19264903+1645386
1953,5005,2M19270971+4847476
1954,4245,2M19273211+2448251
1955,4589,2M19280887+3908038
1956,5021,2M19281362+3746342
1957,4464,2M19282456+4215080
1958,4262,2M19282541+3850104
1959,4589,2M19285640+3931022
1960,4245,2M19285825+2710582
1961,4589,2M19290115+3715011
1962,5021,2M19291063+3715422
1963,4245,2M19294882+2437202
1964,5011,2M19300946+4428465
1965,4262,2M19313593+3739335
1966,4245,2M19315229+2503438
1967,5010,2M19315326+4522100
1968,4262,2M19322278+3821405
1969,5059,2M19324743-0408253
1970,4464,2M19331065+4102072
1971,5005,2M19335157+4802331
1972,4263,2M19345659+3845475
1973,5010,2M19351083+4505545
1974,4263,2M19363847+3846027
1975,4263,2M19370628+3846368
1976,4464,2M19370697+4126128
1977,5010,2M19375479+4651497
1978,5010,2M19383668+4723194
1979,4263,2M19401839+3957298
1980,4241,2M19403250+2421574
1981,4403,2M19403611+4646204
1982,4263,2M19404341+4020235
1983,4588,2M19404868+3831103
1984,5015,2M19410358+4239045
1985,4263,2M19411125+4039416
1986,4402,2M19424010+4753315
1987,4263,2M19424111+4035566
1988,5010,2M19424358+4620380
1989,5010,2M19425094+4535231
1990,4241,2M19425211+2419119
1991,5009,2M19430724+4738340
1992,4241,2M19430973+2357587
1993,5010,2M19433540+4601121
1994,5015,2M19435218+4208014
1995,4263,2M19441242+3923418
1996,4263,2M19444445+3915456
1997,5009,2M19454417+4758479
1998,5015,2M19455813+4411055
1999,5004,2M19463207+4901489
2000,4263,2M19463571+3919069
2001,4241,2M19464751+2354171
2002,5004,2M19465880+4919564
2003,5009,2M19472270+4706157
2004,5009,2M19473601+4812241
2005,5009,2M19482323+4610167
2006,4261,2M19482611+1757445
2007,5034,2M19483014+2715114
2008,5009,2M19493509+4557168
2009,5009,2M19505417+4632558
2010,5019,2M19521424+4217461
2011,5019,2M19524246+4136076
2012,4462,2M19525474+4432210
2013,5034,2M19530613+2640382
2014,5034,2M19532544+2718094
2015,4304,2M19532695+0342088
2016,5019,2M19533739+3957336
2017,4462,2M19550924+4459335
2018,5009,2M19551419+4625123
2019,5009,2M19553480+4732194
2020,4402,2M19553499+4722410
2021,4462,2M19564877+4458058
2022,5014,2M19573304+4430269
2023,4462,2M19582581+4523265
2024,4248,2M19582637+2158113
2025,5014,2M19584971+4336463
2026,4462,2M19585518+4432267
2027,5014,2M19592721+4604265
2028,4462,2M19594944+4547497
2029,5014,2M20021021+4531535
2030,5014,2M20061008+4416275
2031,4276,2M20104613+5610440
2032,4255,2M20104822+1939173
2033,4255,2M20152355+1929372
2034,4255,2M20165391+1939557
2035,5073,2M20235998+5906159
2036,4252,2M20264615+5250183
2037,4284,2M20282710+1714049
2038,5037,2M20291298+3920203
2039,4315,2M20385422+4307417
2040,5033,2M20393110+2011240
2041,5033,2M20394599+1946538
2042,2254,2M20422359+0026423
2043,4315,2M20424915+4122599
2044,2254,2M20450058+0124076
2045,5041,2M20461028+6321569
2046,4246,2M20515117+5207033
2047,4246,2M20531274+5134547
2048,4246,2M20570745+5207200
2049,2015,2M21013090+1036226
2050,2007,2M21030492-0039555
2051,2007,2M21080138+0038218
2052,2015,2M21083257+0859268
2053,2015,2M21091889+1128259
2054,4242,2M21113411+4753023
2055,4242,2M21133369+4743242
2056,4242,2M21140743+4924350
2057,4242,2M21143364+4713020
2058,4242,2M21145434+4725487
2059,4242,2M21171711+4905528
2060,2245,2M21191063+0037287
2061,5039,2M21214606+5035435
2062,4230,2M21242815+1233389
2063,5039,2M21243561+5116076
2064,5110,2M21255390+1242480
2065,4230,2M21260823+1059473
2066,5110,2M21270966+1312194
2067,4230,2M21271569+1209524
2068,5110,2M21272647+1223103
2069,4230,2M21281796+1110512
2070,4230,2M21290865+1143361
2071,4230,2M21292196+1337417
2072,5039,2M21292498+5021196
2073,2247,2M21302490-0124518
2074,4230,2M21311247+1136205
2075,2247,2M21314367+0129000
2076,4249,2M21321014+4553539
2077,4230,2M21331478+1158322
2078,4230,2M21344506+1151019
2079,4230,2M21345151+1206057
2080,4303,2M21353416+6641579
2081,2247,2M21353562+0009334
2082,5039,2M21374342+5125502
2083,4102,2M21391140+4126037
2084,4102,2M21394731+4249041
2085,4102,2M21412860+4152460
2086,4102,2M21435294+4345433
2087,4102,2M21451241+4225454
2088,4316,2M21505464+5246438
2089,4275,2M21523747+3853140
2090,5044,2M21561547+6946231
2091,5154,2M21575787+5524266
2092,5154,2M21583314+5432489
2093,5036,2M21584515+1645597
2094,5036,2M22015121+1758532
2095,5036,2M22040397+1707552
2096,5036,2M22042996+1615001
2097,5036,2M22054258+1802502
2098,5044,2M22054507+7114440
2099,4473,2M22101026-0158112
2100,4270,2M22264435+5706520
2101,4421,2M22293388+6313421
2102,4270,2M22331751+5759568
2103,5040,2M22410977+4337124
2104,5040,2M22425145+4402254
2105,5040,2M22453559+4427555
2106,4474,2M22455859+0615499
2107,4474,2M22465745+0610244
2108,4474,2M22475055+0535559
2109,4300,2M23070962+4647099
2110,5146,2M23101115+4141286
2111,5146,2M23110452+4248483
2112,5146,2M23122431+4338394
2113,4475,2M23134857+1140024
2114,5146,2M23190903+4138360
2115,5146,2M23194184+4320492
2116,5095,2M23194591+5055191
2117,4475,2M23200703+1150071
2118,5043,2M23234588+4722000
2119,5042,2M23335391+3113455
2120,5042,2M23390401+3107274
2121,5042,2M23402388+3012297
2122,5045,2M23404938+6155365
2123,5045,2M23415332+6240513
2124,5042,2M23444639+3029190
2125,2281,2M23462374+0031179
2126,2281,2M23502700+0100068
2127,5045,2M23530547+6156205
2128,4548,2M23554035+1555351
2129,4548,2M23594193+1501119
2130,4264,2M23595551+5522253
